Mês,Hora,Dia da Semana,Feriado,Temperatura,Umidade,Metros Quadrados,Ocupação,Uso Aquec. Vent. A.Cond.,Uso Sistema Iluminação,Perc. Energia Renovável,Consumo Energia
Agosto,0,Quinta-feira,Não,23.89461336778891,54.09963010205762,1738.295486922581,6,Ligado,Ligado,7.1003486186365485,70.58450685406362
Agosto,18,Domingo,Sim,28.0622169567302,45.13993853642971,1357.3693938194572,9,Desligado,Desligado,22.017109360401857,85.65349008654188
Agosto,9,Quinta-feira,Não,25.40920049681577,59.969085,1904.5749206189464,6,Ligado,Desligado,29.965327,86.20180691037002
Agosto,19,Domingo,Sim,20.007565,46.26361809691687,1864.6847621754052,7,Ligado,Desligado,16.334442683058136,76.94268959731706
Agosto,1,Terça-feira,Não,22.934924082401192,38.87631703474766,1576.425177744469,0,Desligado,Ligado,25.10773801040374,75.24513062314148
Agosto,5,Quarta-feira,Não,25.43810053630532,47.50576414678609,1661.6273684312837,7,Desligado,Desligado,19.474123327675198,87.4922421222018
Agosto,14,Sábado,Não,27.286666752386104,46.12351898132512,1608.26732241462,6,Desligado,Desligado,5.409522342153252,78.65967526110397
Agosto,1,Domingo,Sim,20.064361318620627,36.44830875735291,1735.9191697994386,9,Desligado,Ligado,18.54399844054917,91.402886194883
Agosto,10,Sábado,Não,21.581820852102915,35.37650052819659,1049.7646643094606,9,Ligado,Desligado,3.245462542490727,83.94257095679443
Agosto,16,Segunda-feira,Não,24.15198001198057,46.61620292447262,1408.6862971983855,5,Desligado,Desligado,27.95650564411434,81.5283521495298
Agosto,21,Quarta-feira,Sim,20.007565,53.52967380877794,1369.352599551679,3,Ligado,Ligado,9.585972262106106,65.50228246445968
Agosto,21,Domingo,Sim,25.71630187431718,39.26587247824656,1346.7995248820378,5,Desligado,Ligado,23.91627992514898,73.23336925161922
Agosto,10,Segunda-feira,Sim,22.55117115136801,47.71949518953053,1699.8125613808904,6,Desligado,Ligado,0.006642,82.28983516508687
Agosto,3,Quarta-feira,Não,22.966477397481032,51.34415749508416,1782.1929554459757,1,Ligado,Desligado,0.006642,83.17585635804993
Agosto,9,Quinta-feira,Não,24.222558312004526,52.02557489223149,1216.5670834085831,3,Ligado,Desligado,3.617467251799793,72.37285294899259
Agosto,6,Quinta-feira,Não,22.88495825392816,43.75336874956666,1770.988691906784,3,Ligado,Ligado,4.801736490870698,72.57512544082033
Agosto,21,Quarta-feira,Sim,26.925824114362555,45.2315019208684,1746.3649621340649,3,Ligado,Desligado,19.05514012999806,81.6767923947519
Agosto,20,Sábado,Não,28.81450544491648,57.95802226492172,1149.4906188346497,4,Ligado,Desligado,22.29337343850568,88.45430094826825
Agosto,0,Sexta-feira,Não,29.998671,48.91425925251217,1497.400728765122,1,Ligado,Desligado,21.702714143273685,90.11450876322525
Agosto,2,Terça-feira,Não,24.20768057538183,59.969085,1999.982252,1,Ligado,Ligado,16.597838009772406,76.39394720275375
Agosto,6,Quinta-feira,Não,23.099842339588903,58.27557261938068,1498.753379890754,8,Ligado,Desligado,23.847530074828907,74.08471775184113
Agosto,12,Segunda-feira,Sim,29.998671,48.67071398584029,1227.862179512092,2,Ligado,Desligado,5.353529576865456,83.91064163455738
Agosto,21,Quarta-feira,Não,26.612978547773405,57.81113767525108,1263.2969931084974,3,Desligado,Desligado,29.965327,84.96813040685038
Agosto,0,Sábado,Não,29.344790814134825,34.983450052177616,1146.0830612236405,2,Desligado,Ligado,19.997331657574684,93.72775388004632
Agosto,23,Domingo,Sim,26.55543446342029,45.87118057935097,1092.4319868389257,9,Ligado,Desligado,1.9238028318695009,79.9091049857968
Agosto,23,Segunda-feira,Sim,21.224647376876824,56.80057529954147,1080.9161076030855,7,Ligado,Desligado,10.977138807305764,54.45769342969621
Agosto,23,Sábado,Sim,29.01566919889737,55.15930087980117,1469.483584848963,0,Desligado,Desligado,0.006642,84.01478501354654
Agosto,19,Sexta-feira,Sim,23.510428353157284,50.76349505078548,1548.2533770742157,2,Ligado,Ligado,29.965327,65.96017661409772
Agosto,3,Domingo,Não,22.62099023331088,47.47359348854861,1999.982252,6,Desligado,Ligado,0.006642,58.49971861388907
Agosto,17,Quarta-feira,Sim,26.027890097572527,45.93453320207307,1035.9133146304289,6,Desligado,Desligado,23.035549858794106,80.08584488910827
Agosto,14,Terça-feira,Não,25.802114527213654,56.76637179091867,1000.512661,3,Ligado,Ligado,6.847249560146101,74.19052563250966
Agosto,3,Terça-feira,Sim,27.52654008692916,49.03705173270178,1258.447557352848,9,Desligado,Desligado,0.006642,77.26623803023418
Agosto,0,Terça-feira,Não,26.048237905555368,36.419356648311,1559.365211476384,2,Ligado,Ligado,9.628016871277346,69.91624362146352
Agosto,3,Sexta-feira,Sim,27.6576134160848,58.31042503604413,1006.9047123513428,4,Ligado,Ligado,0.006642,80.89927173724847
Agosto,18,Quarta-feira,Não,29.998671,42.371316932950414,1159.690455168907,0,Desligado,Desligado,26.44672767769594,69.53425893895866
Agosto,1,Domingo,Não,22.305265872039623,54.88947474083972,1370.2204952854845,9,Ligado,Desligado,29.49811376296773,75.62449326612617
Agosto,2,Quinta-feira,Sim,29.701022699642674,59.969085,1559.9756734459309,9,Ligado,Ligado,2.6140434420867624,91.41797020986058
Agosto,23,Sábado,Sim,24.093945464149837,30.015975,1761.1311319305637,7,Ligado,Ligado,27.38536036356341,77.7296682776765
Agosto,22,Quarta-feira,Não,22.154412379006608,57.53145657748389,1953.682286183712,2,Desligado,Desligado,15.344766501289207,73.95497535729312
Agosto,17,Domingo,Sim,29.998671,59.7090204416448,1972.629684088756,6,Ligado,Desligado,20.09173932946912,85.8114743861873
Agosto,17,Sábado,Sim,29.29073714482705,54.67417977953619,1936.1833000310808,8,Desligado,Ligado,15.949751383719263,78.699772811828
Agosto,5,Terça-feira,Sim,25.271857100654696,54.14040099656629,1309.351931976999,6,Ligado,Ligado,27.57462300425516,83.01222309267615
Agosto,23,Segunda-feira,Sim,21.818472177994376,40.70178782159449,1333.2519575085455,2,Ligado,Ligado,28.118651295488437,75.48273630546878
Agosto,20,Quarta-feira,Não,21.426377087242912,39.8328333670568,1984.0271792319809,7,Desligado,Desligado,3.4117388038667373,76.40150216900052
Agosto,11,Sábado,Sim,29.437146220499383,30.015975,1980.6744905228609,0,Desligado,Ligado,17.819678449216003,85.65825534223995
Agosto,11,Quarta-feira,Não,25.616129008131303,48.20244268875084,1239.5471167498454,0,Ligado,Ligado,0.9685438353382718,83.75708076521501
Agosto,18,Sábado,Não,21.41154855838217,56.98653989338058,1499.194852246685,7,Desligado,Ligado,25.963781731123525,64.75796407889501
Agosto,13,Quinta-feira,Não,20.007565,41.823359503288586,1241.0902153627742,2,Ligado,Desligado,0.006642,89.45652352440489
Agosto,21,Domingo,Sim,22.850688142766916,44.66982074889498,1965.2608708435107,9,Ligado,Ligado,0.006642,67.26159334980854
Agosto,0,Terça-feira,Sim,20.007565,48.51991961687981,1412.290838203479,7,Ligado,Desligado,21.5993151281602,81.32629525324593
Agosto,17,Sábado,Não,25.496270595732295,53.57757347753831,1444.64104888718,4,Desligado,Ligado,26.247488557415203,73.45343260207267
Agosto,5,Quinta-feira,Não,23.81401672518101,51.55191365153927,1227.1078511509295,2,Desligado,Desligado,16.579372029853317,76.8053043144554
Agosto,22,Sexta-feira,Não,29.202254594597985,33.18831356073905,1870.7487536914225,6,Ligado,Desligado,7.742480155288208,99.20112
Agosto,18,Sábado,Sim,28.149739851358188,57.06128615956656,1111.9301097838388,1,Desligado,Desligado,0.006642,69.26333043019655
Agosto,2,Segunda-feira,Não,20.59558169681443,39.1551175134732,1531.408979060344,4,Desligado,Ligado,19.03680082159589,82.82432793085512
Agosto,9,Sábado,Sim,21.41288234555911,36.06251145437376,1464.191805924007,3,Desligado,Ligado,27.923451615468245,59.316477427284
Agosto,7,Segunda-feira,Sim,29.45794161058352,46.79557021302022,1999.982252,1,Desligado,Ligado,7.040497089856217,71.30200121803468
Agosto,16,Sábado,Não,21.015990712416908,49.63482366210933,1984.2503071581668,3,Ligado,Ligado,7.286177711385265,68.49719888147182
Agosto,6,Sexta-feira,Não,27.79306747230804,50.35721806435666,1970.6974582672876,2,Ligado,Ligado,17.60714135650836,80.28871816087256
Agosto,17,Sexta-feira,Sim,29.52833656254097,58.0359510731787,1181.6532842047247,8,Ligado,Ligado,6.505230251691917,93.20901714327928
Agosto,19,Quarta-feira,Não,26.661348938510077,41.91899069339044,1111.040423556513,3,Ligado,Desligado,16.015082870063836,71.91717027974313
Agosto,7,Sexta-feira,Sim,21.348092236308894,50.07157654354404,1000.512661,3,Ligado,Desligado,3.883025613829333,64.414343368316
Agosto,17,Sexta-feira,Sim,22.382472609362377,39.41550727331394,1340.1827686542383,0,Ligado,Ligado,0.006642,82.02202303732719
Agosto,0,Quarta-feira,Sim,27.05217086182936,36.46509452505372,1344.784066205297,5,Ligado,Ligado,5.412414217630515,94.824408106195
Agosto,4,Sexta-feira,Não,29.877936635548632,59.969085,1154.78940279005,6,Desligado,Ligado,26.409100288558445,82.73021156643016
Agosto,15,Segunda-feira,Sim,27.721055879458603,38.7235110273624,1398.7320474808073,0,Ligado,Ligado,3.786061627808819,82.5882657755742
Agosto,1,Segunda-feira,Não,26.29322576683824,34.010729417183775,1214.101849186736,4,Ligado,Ligado,26.588578422966748,90.72199425398966
Agosto,4,Terça-feira,Não,28.45146965561284,34.90988787938501,1773.966506205908,0,Desligado,Ligado,9.826959982215186,75.03874151769432
Agosto,4,Sexta-feira,Não,22.452828250255664,49.98395149058678,1690.8670644663948,9,Ligado,Ligado,29.39257082831141,74.24775150133863
Agosto,1,Segunda-feira,Não,27.936543715283708,39.72141922833936,1504.9449280274498,9,Desligado,Desligado,10.90639201378411,81.74469069105139
Agosto,1,Domingo,Sim,29.998671,53.056986404593495,1380.4957968339277,9,Ligado,Desligado,19.82648249282021,85.35030992515418
Agosto,7,Segunda-feira,Sim,25.30676096403999,38.954019723315184,1488.120020836826,8,Desligado,Ligado,0.006642,80.27074038466411
Agosto,0,Quarta-feira,Não,24.3381582022324,56.084637429305616,1913.1987435493963,1,Ligado,Ligado,5.088509092904631,80.3081437471828
Agosto,12,Sábado,Não,20.439300029166485,39.8591320074455,1348.363389404774,0,Desligado,Ligado,0.006642,70.26101118618578
Agosto,5,Segunda-feira,Não,26.25262857200557,45.25721284321247,1437.219046530458,9,Desligado,Desligado,23.26709957755122,83.80307316886785
Agosto,21,Quarta-feira,Não,25.636787295118253,47.820723126676256,1999.982252,7,Desligado,Ligado,8.895886054515232,70.24204644691484
Agosto,17,Segunda-feira,Não,22.26338906315152,54.22412573036612,1000.512661,3,Desligado,Desligado,20.28041256295371,60.94002201265739
Agosto,22,Domingo,Sim,20.52186450417667,31.7838283830176,1455.6403503889178,2,Desligado,Desligado,24.23141472935784,72.55712829859334
Agosto,8,Sábado,Sim,22.84271232682756,30.015975,1999.982252,6,Ligado,Ligado,13.54199028862922,91.72490861461428
Agosto,6,Segunda-feira,Sim,24.38348653468985,42.82728791229985,1147.4530663338976,7,Desligado,Ligado,20.584341566924323,71.90187734464597
Agosto,19,Quinta-feira,Não,21.95112651450697,44.62176678586328,1618.553880782762,2,Ligado,Ligado,22.709040175447488,76.84370978383133
Agosto,9,Segunda-feira,Sim,25.82269479343295,51.79865791155804,1459.0920635877212,2,Desligado,Ligado,6.425053949040322,83.84104904187085
Agosto,23,Sábado,Sim,29.5505919626914,42.89203023608074,1335.2252960769913,7,Ligado,Ligado,15.989271450756473,74.1213292123091
Agosto,4,Quarta-feira,Não,22.104130968997136,37.18209302995288,1683.1722232622733,4,Desligado,Desligado,3.738065438409803,63.87237401047781
Agosto,13,Quarta-feira,Não,25.59837849003729,41.14567892526969,1999.982252,3,Desligado,Desligado,0.006642,78.45304770818261
Agosto,9,Sábado,Não,21.439432580030715,54.63331906989308,1388.0565562008792,1,Ligado,Ligado,1.885715433014398,76.41940353111582
Agosto,17,Sábado,Sim,26.678594865588718,44.537864701343295,1046.3336007949383,2,Ligado,Desligado,21.58496156473487,90.19734965725272
Agosto,7,Sábado,Não,22.66224900771117,43.4575522028659,1000.512661,8,Ligado,Ligado,26.259213858859283,63.0697803471954
Agosto,6,Quinta-feira,Não,29.998671,44.25842017323297,1835.137300287162,2,Desligado,Desligado,19.71505183895259,75.69222078156287
Agosto,2,Domingo,Sim,28.75868882298949,40.22591422875283,1061.4911301853467,4,Desligado,Desligado,7.184447905800248,88.96834849159241
Agosto,5,Domingo,Sim,29.8197898965443,46.29384502437611,1000.512661,5,Ligado,Desligado,0.006642,86.60461662131395
Agosto,9,Domingo,Não,28.021019857534043,50.22073538775076,1036.2883076551216,0,Ligado,Desligado,4.158778829797456,68.62931060637061
Agosto,21,Terça-feira,Não,24.32889781655171,53.27241874956802,1718.5068104272532,0,Ligado,Desligado,0.006642,69.04555560972585
Agosto,0,Terça-feira,Não,27.52076972294594,32.797522502196045,1999.982252,0,Desligado,Desligado,0.006642,84.26428092336171
Agosto,13,Sexta-feira,Não,21.65480949310829,53.635616422275554,1232.2279031500266,9,Desligado,Desligado,9.567296315380522,73.29897386160327
Agosto,19,Terça-feira,Não,23.560728631514976,59.969085,1000.512661,3,Desligado,Desligado,13.09976477311099,70.99313915575654
Agosto,4,Quinta-feira,Sim,27.61936024820507,40.32644489649491,1931.720912188648,2,Ligado,Desligado,29.619304380153977,71.15886694493258
Agosto,6,Domingo,Não,27.119116579468123,30.015975,1872.3040628022,8,Ligado,Ligado,15.471988345032935,77.14697554726082
Agosto,23,Terça-feira,Não,25.88057660625365,53.53125158879551,1168.771946666917,9,Ligado,Ligado,10.743021477925836,85.85508049237846
Agosto,10,Quarta-feira,Não,27.824800411544647,55.66294247632929,1818.3230286605185,0,Desligado,Desligado,22.00874525585999,90.12783377098287
Agosto,5,Quarta-feira,Sim,28.28582720216919,50.47309144728532,1080.9903411389928,3,Desligado,Ligado,18.107120718509517,81.78750168703559
Agosto,9,Domingo,Não,20.007565,54.38517863490513,1926.8394385644988,6,Desligado,Ligado,22.49613913057677,63.11892891504743
Agosto,3,Sábado,Não,20.007565,43.55815955057067,1249.1963200030643,3,Ligado,Desligado,29.965327,65.09559403317715
Agosto,13,Quinta-feira,Não,23.5606766739441,33.4308849903554,1574.46781179163,4,Desligado,Ligado,12.605808242000116,87.04492595262995
Agosto,8,Sexta-feira,Não,27.225112550706683,31.34279307264097,1673.2657746255877,3,Desligado,Desligado,29.965327,90.28842396062086
Agosto,2,Terça-feira,Sim,29.998671,30.015975,1666.6875153975036,9,Desligado,Desligado,3.733842782763746,88.33439337675551
Agosto,19,Sexta-feira,Não,25.58325868786968,43.80471595013574,1539.3593703515971,4,Ligado,Ligado,1.8271744412950373,76.85049076830686
Agosto,4,Quinta-feira,Sim,25.180057695680595,36.37226194967124,1422.2398459944825,0,Ligado,Desligado,11.128604383712275,84.37872892942308
Agosto,16,Sexta-feira,Não,29.826350086217545,37.95703718891191,1952.5745770202968,3,Desligado,Ligado,4.020389540709092,88.95488646142898
Agosto,17,Sábado,Não,29.998671,59.969085,1468.747334394463,1,Desligado,Desligado,8.515391473613104,99.20112
Agosto,7,Sábado,Sim,29.370039617961115,35.82876060551246,1407.0165035349837,9,Desligado,Ligado,23.25583048982933,91.42397962124744
Agosto,17,Sexta-feira,Não,21.701807171078205,44.7815503215818,1678.2490356530582,4,Ligado,Desligado,12.262013321986052,71.09338088091926
Agosto,14,Domingo,Sim,23.150218404606573,51.90406379938798,1366.420016889787,3,Ligado,Ligado,12.52330653772244,95.15253478712968
Agosto,10,Terça-feira,Sim,23.22466313617919,54.25949745147821,1517.0318188264612,2,Ligado,Desligado,24.21109426772269,71.79275802853432
Agosto,11,Quinta-feira,Não,20.007565,54.47848744251212,1080.5678416424344,3,Desligado,Desligado,29.965327,73.11847020926952
Agosto,8,Terça-feira,Sim,20.007565,48.34764867467086,1288.1746861963802,9,Desligado,Ligado,6.940123897785168,67.80750023419847
Agosto,16,Domingo,Sim,21.081565226649484,41.31597920429863,1605.1315431682256,8,Ligado,Ligado,22.36017239764909,68.40194018772578
Agosto,9,Sábado,Não,27.62118305864594,48.57137321145999,1788.238551567112,8,Desligado,Ligado,19.36863244429201,79.85153233618774
Agosto,10,Segunda-feira,Sim,29.998671,38.02350854951405,1070.2140474355028,5,Ligado,Desligado,0.006642,89.58528704974422
Agosto,22,Quinta-feira,Sim,20.007565,59.969085,1999.982252,4,Desligado,Ligado,29.965327,69.77732591314108
Agosto,5,Domingo,Sim,26.407307908095014,59.12428964781784,1642.6282576451076,5,Ligado,Desligado,1.5861767691382922,83.03530300605742
Agosto,16,Quarta-feira,Não,21.682435999772885,41.79560662265572,1967.601629602802,8,Ligado,Ligado,25.48773827554237,76.52130413357766
Agosto,13,Quarta-feira,Não,28.606259212757465,49.443141038335455,1208.988009180977,2,Desligado,Desligado,29.965327,80.62324983453524
Agosto,0,Segunda-feira,Sim,23.34672142512943,49.395077021556965,1674.1511901549115,7,Ligado,Desligado,27.660983636574525,72.13412232916124
Agosto,8,Quinta-feira,Não,24.397338885743068,47.74000831216296,1385.765494711037,3,Desligado,Ligado,16.791422535663955,70.76010493749908
Agosto,9,Quarta-feira,Sim,22.014168804071037,32.210224304799056,1766.4738444136892,4,Ligado,Desligado,4.800725694422065,63.07515811134887
Agosto,3,Sexta-feira,Não,29.998671,48.34583074731162,1999.982252,7,Ligado,Desligado,0.006642,86.92583137255446
Agosto,11,Sábado,Sim,20.007565,45.56455151317483,1798.2693438436083,5,Desligado,Ligado,27.860535466250056,59.85352233372675
Agosto,19,Sexta-feira,Não,29.998671,54.97217278386348,1743.9954918444464,0,Ligado,Desligado,7.438093680632773,85.52149391133148
Agosto,11,Quarta-feira,Não,20.007565,43.50880031562809,1738.417352258332,1,Ligado,Desligado,29.965327,79.70527003120581
Agosto,3,Sábado,Não,25.93255342109972,30.015975,1128.986935685558,9,Desligado,Ligado,16.539202656103733,87.66686708582756
Agosto,6,Domingo,Sim,23.83043172409928,55.622487675847054,1601.205131840953,2,Desligado,Ligado,16.386771538616962,80.56296532460831
Agosto,15,Domingo,Sim,21.057801277567908,40.6728204654525,1648.0390406725137,2,Desligado,Ligado,26.125340168281443,62.851933443042846
Agosto,12,Segunda-feira,Sim,20.126991084456325,51.40847045986884,1492.203414650717,7,Desligado,Ligado,5.601722867264418,63.57384227544448
Agosto,8,Sexta-feira,Não,29.998671,51.72496710312107,1211.74944007442,5,Ligado,Desligado,29.965327,86.74317759733218
Agosto,21,Sexta-feira,Sim,28.498607273755862,54.83017412102283,1000.512661,5,Desligado,Ligado,14.98451672779758,99.20112
Agosto,11,Terça-feira,Não,23.829294894565297,52.87134799469764,1619.6951647886706,9,Ligado,Desligado,24.936165392910087,80.94066404909914
Agosto,2,Quarta-feira,Não,25.6735369740066,50.10254115867712,1787.5775735617658,0,Desligado,Ligado,2.385580547790396,66.6835001934382
Agosto,0,Domingo,Não,21.485027630924176,37.28071244950253,1119.5235763163148,6,Ligado,Ligado,20.82104743712062,83.97611175940933
Agosto,4,Domingo,Não,20.381622445222863,41.14505832717903,1156.43963467381,7,Ligado,Ligado,28.819005589765236,87.57802014359297
Agosto,8,Terça-feira,Sim,22.492556058950814,41.96363216498463,1585.9041500695446,6,Desligado,Desligado,9.337663128771233,68.67302486968572
Agosto,12,Segunda-feira,Não,25.21271850973396,47.473649402160135,1595.1681692780646,4,Ligado,Ligado,0.006642,55.0227668553178
Agosto,10,Quarta-feira,Não,20.571499716849523,59.969085,1204.7726764368294,3,Desligado,Desligado,0.006642,76.02702133373006
Agosto,7,Domingo,Sim,20.74346648414426,30.187733129324883,1082.5263868854322,4,Desligado,Ligado,20.793141034814287,65.32816411357399
Agosto,12,Sexta-feira,Não,27.093045608122505,51.90359189601397,1784.8073516908182,1,Ligado,Ligado,11.18146784912321,82.19383941641762
Agosto,14,Quinta-feira,Sim,27.76751240416084,44.38497152887364,1477.7498658888187,1,Ligado,Ligado,8.529180345546294,66.93548359281212
Agosto,9,Segunda-feira,Sim,21.7136356094026,53.19781433251735,1145.350789514101,5,Desligado,Ligado,8.006004213501608,75.29597973623595
Agosto,17,Sexta-feira,Não,26.79858165724979,58.09399948962088,1231.4487995826664,5,Desligado,Desligado,16.985634852791403,83.43838280296998
Agosto,17,Domingo,Não,20.007565,37.22970571314602,1468.693796116557,4,Desligado,Desligado,16.343453047178215,62.647276402730434
Agosto,8,Terça-feira,Não,20.007565,34.80556958500482,1715.590162621878,4,Ligado,Desligado,10.307354368474565,72.76970586905632
Agosto,9,Sexta-feira,Sim,20.007565,54.15379812416838,1600.5699748833608,1,Ligado,Ligado,12.851753872883108,65.59552703731049
Agosto,6,Quinta-feira,Sim,22.00026637834403,45.60373116440275,1865.392178569031,6,Ligado,Desligado,1.5327043543982757,76.20991829160764
Agosto,10,Domingo,Não,24.73321011559533,40.41326793396069,1259.3750860652028,4,Desligado,Ligado,23.01010653873385,82.30493681575905
Agosto,9,Terça-feira,Sim,23.551229760972987,49.90466778120343,1000.512661,2,Desligado,Ligado,8.99766032044412,77.66558489051312
Agosto,15,Sábado,Sim,25.33543386508425,52.08549678759871,1374.3522127074884,1,Ligado,Ligado,28.493502546248003,71.69138228804003
Agosto,0,Sábado,Não,29.998671,30.015975,1942.971723334629,7,Desligado,Desligado,28.556940176942778,86.59126520170112
Agosto,9,Sábado,Sim,26.443841673931253,35.2230433254861,1855.891153531564,9,Ligado,Ligado,10.670280730103851,84.20006249153161
Agosto,11,Segunda-feira,Sim,27.500802280974177,46.87955311047571,1648.026511125503,5,Desligado,Desligado,12.086856775074606,84.37164813136185
Agosto,11,Quinta-feira,Não,27.069458500636543,32.69583090598704,1183.572659238602,1,Ligado,Ligado,29.965327,72.92495500391178
Agosto,10,Domingo,Sim,27.13561108443497,59.969085,1717.9945904479357,5,Desligado,Ligado,13.751385998212728,78.58905090281189
Agosto,17,Terça-feira,Sim,27.00535756157813,47.99462455996184,1181.964810160727,9,Desligado,Ligado,20.09626158069672,70.53013479605042
Agosto,1,Quinta-feira,Sim,29.12202966609532,34.57590722195522,1886.6431393799085,2,Desligado,Ligado,14.62185108191358,78.89390913532613
Agosto,18,Sábado,Sim,25.71042705564448,36.857849681583176,1899.2725467717771,4,Desligado,Desligado,9.196624445390812,99.20112
Agosto,6,Segunda-feira,Não,21.717247438261197,53.62322449216803,1758.5676793865275,2,Ligado,Ligado,24.417444084046608,61.30906836747484
Agosto,16,Sexta-feira,Sim,26.96174054047148,39.693340372594825,1643.0953105968465,7,Ligado,Desligado,27.788465497349318,87.5393975341285
Agosto,6,Terça-feira,Não,29.998671,45.727922188841546,1754.9427775136487,3,Ligado,Ligado,14.612498015169866,77.1128879244627
Agosto,22,Domingo,Sim,26.610174257020503,33.58019193445641,1798.8623202277463,6,Desligado,Desligado,12.01888273322568,79.03870770650639
Agosto,19,Segunda-feira,Não,26.60026235895425,41.37778978925348,1602.5558687542407,0,Ligado,Ligado,16.096580524976872,67.26013438009488
Agosto,20,Segunda-feira,Sim,27.28735976919485,52.08870393871948,1150.9452301181336,0,Ligado,Desligado,20.305855958024853,68.27337409123152
Agosto,3,Domingo,Sim,24.492063368523866,59.969085,1403.4548054192614,7,Ligado,Desligado,29.965327,82.05735763545306
Agosto,1,Sexta-feira,Sim,26.571230546757366,48.068039420049374,1345.1795859213823,0,Ligado,Ligado,9.594592545169007,61.52008375911181
Agosto,15,Terça-feira,Sim,24.15747249496795,34.815068721658506,1153.084152644584,2,Desligado,Ligado,11.442798436675954,59.14768498443572
Agosto,22,Terça-feira,Sim,22.279750262031904,43.839968144104965,1643.94270154081,1,Ligado,Desligado,19.650781571788155,72.80558781741264
Agosto,23,Domingo,Não,21.603405381546366,59.969085,1180.954654417858,0,Ligado,Ligado,29.965327,66.21726115901932
Agosto,11,Quinta-feira,Não,21.10804785898573,52.14926826541514,1999.982252,1,Ligado,Ligado,5.343817708436325,71.4186848222149
Agosto,1,Domingo,Sim,29.998671,50.94111187478921,1117.683913512946,5,Ligado,Ligado,19.367446754546584,95.58760057606293
Agosto,20,Terça-feira,Não,20.007565,49.7191119879615,1000.512661,0,Desligado,Desligado,28.40514546304807,66.40782241028613
Agosto,14,Terça-feira,Sim,29.632280334077457,47.61276963123429,1656.6453041243058,8,Ligado,Ligado,10.891853318252004,90.10120392474542
Agosto,0,Sábado,Sim,25.406566444729123,59.969085,1159.1764048409505,5,Ligado,Ligado,9.465606397133094,85.0150648492778
Agosto,2,Quinta-feira,Sim,21.68350055907597,39.51032672772723,1311.122486265781,9,Ligado,Ligado,21.125474435005412,62.92523903708682
Agosto,18,Quarta-feira,Não,25.56179285247893,54.9763347617407,1999.982252,6,Desligado,Ligado,2.6301909821943825,74.8546125596235
Agosto,5,Quarta-feira,Sim,24.338419929123667,30.015975,1161.9450201856766,5,Desligado,Ligado,12.638392201451518,78.28813430782176
Agosto,4,Sexta-feira,Sim,22.329769282398782,36.39790769839367,1337.516995400542,3,Ligado,Ligado,9.28044121464563,77.5995168588159
Agosto,5,Terça-feira,Sim,22.834266948969827,39.31875227288336,1577.2394655770065,5,Desligado,Ligado,23.74067160160825,75.46089056320088
Agosto,9,Sexta-feira,Sim,20.69577291274378,43.55217959158912,1462.9652540260115,9,Desligado,Ligado,14.424512103466377,74.96704988044884
Agosto,10,Quinta-feira,Sim,24.262355127403133,30.015975,1339.9149831427385,4,Desligado,Ligado,29.965327,70.04635518586272
Agosto,21,Sexta-feira,Sim,20.007565,30.015975,1572.8726713319902,2,Desligado,Ligado,21.61718635644469,59.73366095140749
Agosto,18,Domingo,Não,29.998671,30.73757058525331,1000.512661,1,Ligado,Desligado,26.563615045876787,71.97454924822065
Agosto,8,Sábado,Não,29.105354374605437,57.18372753907864,1564.5446408163873,3,Ligado,Desligado,29.66231203831156,90.5990838361638
Agosto,21,Sábado,Não,21.737279575408007,30.015975,1797.8360901233746,3,Ligado,Desligado,14.261651884092393,79.38946926085511
Agosto,13,Quarta-feira,Sim,28.02239845088965,43.89580961718101,1141.4430436106647,9,Ligado,Desligado,27.97876319054833,78.37179583853316
Agosto,10,Quarta-feira,Não,26.80516676478765,46.17707506931495,1172.0706683249025,4,Desligado,Ligado,29.965327,78.42461517626697
Agosto,18,Sábado,Não,26.03467530274004,41.61891621376163,1744.6540320686686,8,Ligado,Ligado,22.36005927475074,77.45718314690801
Agosto,20,Quinta-feira,Sim,24.722757582509548,36.67221090614052,1187.078958854758,5,Ligado,Ligado,4.016372985981162,72.23230501126216
Agosto,18,Quarta-feira,Sim,23.868207928723603,42.6425469185024,1560.61954911559,4,Desligado,Ligado,18.31221610309594,70.50709006495191
Agosto,2,Domingo,Sim,20.007565,30.015975,1176.049084513335,2,Desligado,Ligado,0.006642,57.66913467435266
Agosto,17,Segunda-feira,Não,22.85003954979907,47.75070967912337,1999.982252,8,Ligado,Ligado,2.411746039420299,66.55137277201666
Agosto,20,Sábado,Sim,29.251405544691973,52.531606082397,1401.828230408272,4,Ligado,Ligado,16.596850711887186,88.51347082515603
Agosto,10,Sábado,Não,20.007565,52.517594812440976,1372.681100092878,6,Ligado,Desligado,0.006642,70.59262430044777
Agosto,18,Quarta-feira,Não,28.094798972165005,42.4349534992872,1599.6811332198724,9,Ligado,Desligado,5.366297121199023,81.25807286579602
Agosto,7,Sexta-feira,Não,24.70923890317266,41.99773074712441,1370.0347373305583,9,Desligado,Ligado,21.50171515950113,68.25424584002047
Agosto,3,Domingo,Não,29.07466142116634,46.43773540801774,1073.0040005930575,9,Ligado,Desligado,25.11698510828772,97.36726387497195
Agosto,18,Terça-feira,Sim,26.939564503548727,34.07124322456807,1930.448115162596,2,Ligado,Ligado,0.006642,89.26087980111365
Agosto,19,Sábado,Sim,23.58049885090032,57.22193897131861,1597.3192176191487,5,Ligado,Ligado,29.965327,83.68203916774831
Agosto,9,Quinta-feira,Sim,29.998671,38.3056964290965,1397.521990587993,7,Ligado,Ligado,11.23807977254003,78.76407279408909
Agosto,23,Quinta-feira,Sim,22.46442246060668,47.86068524342675,1512.521416893568,5,Desligado,Desligado,12.45332467370061,73.15313873224751
Agosto,7,Quinta-feira,Não,20.007565,42.90986655960864,1361.0431969979725,0,Ligado,Ligado,19.73901021456101,77.48304211076078
Agosto,15,Quarta-feira,Não,29.10495354762644,44.90094475372702,1440.283136224083,4,Desligado,Ligado,26.961436020296247,86.263878286136
Agosto,11,Terça-feira,Sim,29.998671,47.41911487205766,1410.9405903974166,6,Desligado,Ligado,2.8845666187716192,84.64714129494686
Agosto,10,Sábado,Sim,29.998671,45.67523630285353,1561.2361811416215,0,Ligado,Ligado,11.691767563615644,71.44545195637129
Agosto,7,Sábado,Sim,22.807826746691205,44.08494620364089,1573.2896008824655,0,Desligado,Desligado,11.67026568266282,60.66267386458662
Agosto,10,Sábado,Não,28.288819415907486,47.48858275446825,1999.982252,7,Ligado,Desligado,29.965327,90.8983775023612
Agosto,0,Sábado,Não,24.130300337163096,52.57578346150088,1243.477383575159,1,Desligado,Desligado,28.723956085270306,78.32583806934625
Agosto,18,Terça-feira,Não,29.096262058195904,46.35449251201011,1212.9757548909306,8,Desligado,Ligado,21.14983063716384,90.53360625108226
Agosto,10,Terça-feira,Não,25.19068863285351,33.00977573301852,1975.7203819206284,2,Ligado,Ligado,11.04083496713025,91.83025778589828
Agosto,18,Sábado,Sim,26.21465929090635,59.969085,1583.110281089277,2,Ligado,Desligado,7.034433619723435,64.67785541488311
Agosto,4,Terça-feira,Sim,21.442753808013247,46.99189261270045,1285.9023982233882,9,Ligado,Desligado,20.20649595636945,80.0271466133451
Agosto,3,Sábado,Sim,24.458218143967446,54.60504653478362,1064.9078565969935,4,Desligado,Ligado,17.812978653144082,76.47213080628556
Agosto,21,Segunda-feira,Não,20.007565,52.17175917173429,1533.95113376014,0,Desligado,Ligado,6.024326684620348,53.263278
Agosto,19,Terça-feira,Não,25.318232992011676,52.41494766494781,1579.3208097443155,7,Ligado,Desligado,21.77329437573156,82.43178052085702
Agosto,6,Terça-feira,Sim,26.927507354622065,48.85941014015022,1916.5266045411795,7,Ligado,Ligado,18.35577650155774,61.597544876407234
Agosto,4,Domingo,Não,29.563257604521723,56.118024869150815,1186.6819942440482,9,Desligado,Desligado,9.862369088520206,72.60291975857128
Agosto,16,Domingo,Sim,20.800002027848677,30.81739692581641,1308.7147166420868,3,Ligado,Ligado,19.68035551041671,70.04658644260707
Agosto,0,Sábado,Não,20.007565,31.010105608685397,1352.8406061111546,4,Ligado,Desligado,28.608571894433176,66.26462639889024
Agosto,22,Quinta-feira,Não,23.70210048135826,59.1883426244843,1794.1530401269408,7,Ligado,Ligado,2.344232456757522,68.49354665802906
Agosto,22,Domingo,Sim,29.998671,41.94991796902546,1000.512661,1,Desligado,Desligado,27.290219877664097,88.34717989566684
Agosto,14,Quarta-feira,Não,23.190284041177385,46.19341486376429,1137.0430658210175,5,Ligado,Desligado,6.5005621734509695,86.68371469176654
Agosto,7,Terça-feira,Sim,20.024667906297303,54.72707250009737,1098.6119967485035,2,Desligado,Desligado,3.3793011055198945,65.48017802894572
Agosto,23,Domingo,Sim,25.63811266241564,38.07487154843635,1245.623971706328,2,Ligado,Ligado,23.403510594383103,73.45177066660914
Agosto,3,Quinta-feira,Não,27.461139182585832,37.03056110131987,1422.4245686365466,9,Ligado,Ligado,9.810538436931372,86.71852418716827
Agosto,2,Sábado,Não,25.41124416983265,39.84107032260714,1144.127851394354,1,Ligado,Ligado,14.989092299755722,85.61825098954306
Agosto,11,Domingo,Não,24.36031852132714,51.70755203534509,1217.4592302151254,8,Desligado,Desligado,7.72838370144308,68.66443024811787
Agosto,5,Sábado,Não,25.90862719815376,48.30934808226053,1066.739177920106,0,Desligado,Desligado,20.939545077345485,68.72547126673618
Agosto,22,Domingo,Sim,27.195953138461896,52.83815866250623,1095.8772069332465,8,Ligado,Ligado,29.965327,82.28485834080912
Agosto,22,Sábado,Não,24.82360527861494,45.62264273116375,1885.018915719895,8,Ligado,Desligado,18.437869401981263,80.54423429405782
Agosto,5,Quinta-feira,Não,23.490817758877032,44.674894404048665,1863.4999076146707,0,Ligado,Desligado,26.014876777279053,74.8435169246366
Agosto,0,Quarta-feira,Não,22.397024631037173,53.55924542995948,1935.196646653331,8,Ligado,Desligado,25.49833509850118,77.29217457678652
Agosto,14,Sábado,Sim,26.95324616012113,40.19654485904693,1943.1570670278295,1,Desligado,Desligado,29.965327,85.76213060338206
Agosto,13,Quinta-feira,Não,20.007565,46.54930189158949,1566.4054987508905,1,Desligado,Ligado,8.630985528502718,57.04108751675449
Agosto,8,Sexta-feira,Sim,20.007565,32.628138097794334,1333.5339313731552,1,Desligado,Ligado,14.021974598668386,83.58746872109319
Agosto,13,Segunda-feira,Não,20.40522130406173,49.74755862516605,1633.08484072081,6,Ligado,Desligado,8.071514651309776,80.83397408987982
Agosto,2,Sexta-feira,Não,27.552842144086966,34.5949829196448,1000.512661,6,Ligado,Ligado,20.23006282842908,83.86224729778185
Agosto,20,Quinta-feira,Sim,26.090974225862738,45.105393000745714,1999.982252,2,Ligado,Ligado,26.306293636420698,76.70894332179462
Agosto,20,Sábado,Sim,23.70267179730891,42.2322141408666,1254.1503770774175,5,Ligado,Desligado,27.785496803396335,64.72365450535541
Agosto,12,Quinta-feira,Não,20.007565,59.969085,1210.695498358438,4,Ligado,Ligado,18.287549846343676,59.63548987485434
Agosto,7,Quarta-feira,Sim,27.61524115477504,56.32445123872935,1869.249721836968,7,Desligado,Ligado,0.006642,81.72374134339096
Agosto,2,Sexta-feira,Não,23.622618129715946,41.119223885884125,1000.512661,7,Desligado,Ligado,23.292185697827748,70.8220100190908
Agosto,20,Terça-feira,Não,25.735974050515143,53.807912633246666,1284.290385975498,0,Ligado,Ligado,11.6074632841091,65.00445291275383
Agosto,5,Quarta-feira,Sim,21.78104279165933,59.969085,1013.9532736086862,1,Desligado,Ligado,27.216864783277536,74.21279954858755
Agosto,20,Domingo,Sim,22.641897876556865,48.66335757994853,1455.5900897436918,4,Desligado,Desligado,18.601942265586228,85.15778815429569
Agosto,8,Domingo,Não,27.477004144236453,30.015975,1000.512661,2,Desligado,Ligado,22.5447636631609,72.98973882887582
Agosto,18,Sábado,Não,25.58982085695132,43.624449322738464,1472.354116848822,9,Desligado,Ligado,0.006642,78.20468576608174
Agosto,17,Terça-feira,Sim,26.33566790826687,35.256125282705625,1486.2427050771496,2,Desligado,Desligado,18.78099476021314,81.5842411184288
Agosto,18,Quarta-feira,Não,28.000735752048165,58.99097001473125,1303.959345351833,1,Desligado,Desligado,22.050879793770413,67.37831098043826
Agosto,2,Sábado,Não,21.634309165031908,44.18212559160002,1014.9365560536072,9,Desligado,Ligado,17.880912157358576,77.97886703850463
Agosto,5,Sábado,Não,22.088431380287645,30.015975,1476.9403168844374,0,Desligado,Desligado,11.24784369299574,69.44836810968768
Agosto,0,Quarta-feira,Sim,21.131719194620512,40.990828965934696,1366.198926114854,4,Ligado,Desligado,29.965327,74.7358732121601
Agosto,16,Sábado,Sim,22.297620715859463,54.83347558619498,1902.516840354096,7,Desligado,Desligado,25.12661719736108,72.9349308159772
Agosto,22,Quinta-feira,Sim,21.018298615331872,44.45863666074416,1903.9477521047525,1,Desligado,Desligado,26.69415638810828,72.18087662559574
Agosto,13,Domingo,Sim,28.54807206435666,47.713399732210334,1621.185795835729,9,Ligado,Desligado,0.3264435940611707,64.29888668115885
Agosto,5,Sexta-feira,Não,20.007565,47.98459493277749,1597.1537909333504,2,Ligado,Desligado,29.965327,70.33526554706454
Agosto,16,Domingo,Sim,22.700855870102185,37.01371286354662,1947.479270107476,8,Desligado,Ligado,7.9287624398205745,85.30910003993621
Agosto,19,Domingo,Sim,29.998671,36.44648578800786,1249.590008772132,7,Desligado,Ligado,12.50826109371634,85.45814769053263
Agosto,9,Sábado,Não,29.998671,49.54814087718807,1574.787845630117,9,Ligado,Desligado,27.15555857981829,99.20112
Agosto,10,Sexta-feira,Sim,23.12168133639038,54.7762300247632,1149.9825474050922,3,Ligado,Ligado,7.071276237319768,84.75135723030459
Agosto,12,Sábado,Sim,23.284563696583383,59.32769492151447,1000.512661,9,Ligado,Ligado,10.6757856573473,70.01809961832434
Agosto,14,Domingo,Não,29.998671,37.05308209108135,1231.8481238305826,2,Desligado,Ligado,19.223981820325683,82.82782893136456
Agosto,12,Quinta-feira,Não,20.007565,56.99195085392471,1861.0132603441969,2,Ligado,Desligado,5.475995772388544,72.18598341912904
Agosto,16,Sábado,Sim,28.270661125512436,52.3069429879467,1813.993196277725,7,Ligado,Desligado,11.980939134099971,74.06206156655969
Agosto,6,Sexta-feira,Sim,29.998671,59.969085,1296.2702328235257,1,Desligado,Ligado,10.555899090409698,85.72914476998268
Agosto,12,Terça-feira,Não,23.969223340799434,44.74227732710095,1415.0590959897895,0,Desligado,Desligado,23.290886788248606,77.27269643160022
Agosto,4,Domingo,Não,25.392703830862114,56.574727966430224,1081.1414986516186,4,Ligado,Desligado,29.965327,72.93637016603148
Agosto,10,Domingo,Não,22.777735193473067,49.12247451314721,1815.7582972585333,1,Desligado,Desligado,19.98349084091302,68.47261309195396
Agosto,21,Sábado,Não,20.007565,35.152270658215755,1181.050502303874,2,Ligado,Ligado,0.006642,72.47581699701875
Agosto,22,Sábado,Sim,29.998671,58.57433690386543,1735.960016838863,9,Ligado,Ligado,20.86567326275417,99.20112
Agosto,13,Quinta-feira,Não,26.562481316927368,59.969085,1563.2403102838557,2,Ligado,Ligado,17.54654945552423,75.59038416785013
Agosto,18,Quinta-feira,Sim,27.909424287021263,45.55572099762588,1338.642385985391,5,Desligado,Desligado,20.71816561959784,67.76312284744277
Agosto,1,Quarta-feira,Sim,25.61037244654884,40.83025252905844,1800.0005795258337,8,Ligado,Ligado,20.71549526401509,57.72805047481634
Agosto,1,Sábado,Não,21.1091839653169,57.212834410694605,1383.0606917273742,0,Ligado,Ligado,16.175948531970086,64.09758518109655
Agosto,9,Segunda-feira,Sim,22.862240937007485,50.14190948637299,1644.283031210207,6,Desligado,Ligado,8.423679502366658,73.20705274146273
Agosto,21,Terça-feira,Sim,23.669049726001766,52.82068203362858,1655.223978321192,0,Desligado,Ligado,29.965327,68.8670885891482
Agosto,4,Sexta-feira,Sim,28.152362816501267,59.969085,1879.380318564205,9,Desligado,Desligado,0.2064239303769817,91.10555170279568
Agosto,10,Domingo,Sim,25.69241136609034,59.48631791183839,1683.2580430410785,4,Ligado,Desligado,2.7272845994764863,72.39044638416046
Agosto,11,Quinta-feira,Sim,26.256796047863805,30.015975,1004.3050546084286,9,Desligado,Ligado,24.861900968577757,95.19697273967594
Agosto,11,Sábado,Não,22.8177232477285,30.015975,1839.2411913548497,2,Desligado,Ligado,0.006642,69.59862636564866
Agosto,7,Sábado,Sim,23.375494057787737,59.969085,1885.1382465125664,6,Ligado,Desligado,29.965327,67.6947928485152
Agosto,3,Terça-feira,Sim,29.58006905633488,34.079022728849154,1679.4190736407577,8,Ligado,Desligado,7.560975732785246,77.68019342588387
Agosto,4,Sábado,Sim,28.60470346415025,40.24241650255276,1000.512661,2,Ligado,Desligado,18.08865645492688,83.01726265866252
Agosto,10,Quinta-feira,Sim,29.998671,30.015975,1999.982252,5,Desligado,Ligado,24.29871856454484,87.38356314444805
Agosto,19,Domingo,Sim,29.90375505587016,35.99861696923409,1394.8377637966855,7,Desligado,Desligado,26.326595984601447,80.41314817286987
Agosto,8,Quinta-feira,Sim,29.998671,54.88131737032957,1999.982252,9,Ligado,Desligado,22.5038347052062,88.65790451319565
Agosto,10,Sábado,Não,28.51454706841193,32.142477662765096,1558.9919562698108,8,Desligado,Ligado,18.975992052158453,66.47638475399323
Agosto,11,Domingo,Não,26.227978046169422,53.61075113522249,1190.9212076447664,9,Ligado,Ligado,6.588583337018658,87.63128081496293
Agosto,9,Quinta-feira,Sim,20.895528343516,43.78531359057916,1332.8474299139411,7,Desligado,Ligado,28.137394205336506,80.84784481952775
Agosto,6,Quarta-feira,Sim,26.94614318115462,44.58988617018176,1134.438019450134,0,Ligado,Desligado,12.563369016253732,73.08814285142377
Agosto,14,Terça-feira,Sim,27.0900326668943,46.7211370000396,1716.903682521213,1,Ligado,Desligado,20.86852293992484,92.43354015882124
Agosto,8,Quarta-feira,Não,26.042040116339678,43.35199865147051,1523.5878152044288,2,Ligado,Ligado,8.447962820222816,77.29801366321729
Agosto,19,Segunda-feira,Não,22.52715027888232,40.288719573469656,1099.9016098297072,2,Ligado,Desligado,14.437927895639191,64.41091210532373
Agosto,16,Quinta-feira,Não,21.32737452793217,45.42082861657925,1458.0255786107496,0,Ligado,Desligado,9.002047755294669,74.70004003987884
Agosto,19,Quarta-feira,Não,21.06694683788482,30.015975,1580.8412381524963,3,Ligado,Ligado,5.237591588870385,71.0691096087242
Agosto,18,Quarta-feira,Não,26.339037494409425,43.398489009518045,1164.0094079601326,1,Ligado,Desligado,6.192500469338464,68.19739944825457
Agosto,3,Sábado,Sim,24.81742795163101,39.67549077081537,1423.2766538598623,4,Desligado,Desligado,14.046206099480631,82.26624789247977
Agosto,15,Quarta-feira,Não,24.90577377477297,33.52629901547836,1659.101091308096,7,Ligado,Ligado,26.608996227156112,75.91908264542413
Agosto,5,Sexta-feira,Sim,23.201849681854192,50.45075216228763,1437.773410534393,7,Desligado,Desligado,6.493017727334806,75.08443636932641
Agosto,1,Segunda-feira,Não,26.483998018844417,48.76357281385056,1845.0403518143935,4,Desligado,Ligado,4.251014493013932,66.88782936216927
Agosto,19,Sexta-feira,Não,26.513551931108864,50.31121367060545,1999.982252,8,Desligado,Ligado,20.739311868856355,73.82779971180678
Agosto,0,Sábado,Não,26.225087689268765,30.015975,1649.7479192529515,3,Ligado,Ligado,24.98451817913402,71.92589356456216
Agosto,21,Segunda-feira,Sim,23.367951840227533,49.27632363912746,1933.481841457228,5,Ligado,Ligado,11.622807257616271,79.52635624671689
Agosto,23,Domingo,Sim,24.156931872440257,47.12519957119392,1364.4466727829167,2,Ligado,Desligado,27.852217064696404,74.95373511738151
Agosto,20,Sábado,Sim,29.998671,37.78785293678262,1805.0254404937612,5,Ligado,Desligado,17.412933131719274,76.52053648560025
Agosto,8,Terça-feira,Não,27.648855555189705,52.74370652612262,1741.8493975957383,0,Ligado,Desligado,28.35415329495604,60.22278075054263
Agosto,5,Terça-feira,Não,22.387329625215564,39.22838727899929,1644.4436354656552,3,Desligado,Desligado,29.965327,84.10851113948218
Agosto,6,Quinta-feira,Não,21.87673728517797,38.827344360357095,1581.8385286552002,2,Ligado,Desligado,0.4069237959624684,66.5998257931058
Agosto,12,Segunda-feira,Não,26.041809683070756,47.7467201232697,1946.6856201028656,2,Ligado,Ligado,7.518597721526065,63.02844827135456
Agosto,0,Quarta-feira,Não,20.681985406562305,44.56941537041075,1526.6773920379603,6,Ligado,Ligado,23.9877914244466,78.29987850200452
Agosto,19,Domingo,Não,24.332959689590364,59.16715445282003,1293.888492777084,3,Ligado,Desligado,21.00991512024321,72.62127061473083
Agosto,18,Terça-feira,Sim,20.007565,51.03157692046508,1062.3617995905263,0,Desligado,Ligado,5.227763986831603,80.3582244185536
Agosto,7,Terça-feira,Não,27.04895330719126,54.89225733474109,1505.6770266173255,8,Desligado,Ligado,7.337184452124292,91.37983764413735
Agosto,20,Sábado,Não,29.998671,45.07274816805004,1480.8313112981816,2,Ligado,Ligado,27.564315662229355,96.16331720338631
Agosto,12,Quinta-feira,Não,26.49255570753714,30.86030324225809,1000.512661,7,Desligado,Desligado,21.48906448308892,99.20112
Agosto,5,Sábado,Não,26.366987947584217,53.31734143408725,1132.8651519427467,7,Ligado,Desligado,2.37641094869671,72.92429436969846
Agosto,14,Sábado,Não,21.14506586176224,57.8985336284275,1558.004451653065,0,Ligado,Ligado,3.7567216203404303,55.115525228593725
Agosto,11,Sexta-feira,Não,20.007565,48.088783351828674,1000.512661,9,Desligado,Desligado,21.50411620655865,57.573029523409616
Agosto,6,Quinta-feira,Não,20.007565,30.564935994030492,1655.8152426924485,5,Desligado,Ligado,0.006642,84.23494013266766
Agosto,19,Terça-feira,Sim,23.08480338588957,31.161902903589617,1354.5934784339804,8,Desligado,Desligado,5.286068688959241,60.950019509616695
Agosto,2,Terça-feira,Sim,26.599154184066727,36.33369587542236,1895.7506651797453,7,Ligado,Desligado,11.447746614915433,78.23947657962744
Agosto,12,Sexta-feira,Sim,29.998671,46.10285223873344,1240.942953317785,5,Desligado,Ligado,21.563575006004413,74.80413003339434
Agosto,2,Terça-feira,Sim,26.789032393612068,49.75060231994779,1770.2643066664489,2,Ligado,Ligado,27.42172940550842,83.78553976220924
Agosto,15,Quarta-feira,Não,24.92751426763418,53.793098387888506,1671.220517075656,6,Desligado,Desligado,20.956955295696183,67.02423280040469
Agosto,8,Sábado,Sim,23.760344785886552,49.95319796449019,1856.541035966292,8,Desligado,Desligado,21.48706210810041,93.21403126689589
Agosto,0,Sexta-feira,Sim,20.06795953795179,59.20306660690287,1260.2498689691322,3,Desligado,Ligado,29.965327,62.13452070188016
Agosto,12,Domingo,Sim,23.31262658218066,40.16874362154905,1843.38897474761,6,Ligado,Ligado,13.596176818356785,67.77437717850422
Agosto,20,Quarta-feira,Não,24.085705982385107,56.8161008479552,1602.5659954155697,8,Ligado,Ligado,20.17080874733951,74.30562042781621
Agosto,1,Quinta-feira,Não,25.862073036031127,46.27223819923742,1756.147801161295,4,Desligado,Desligado,24.473905856044453,73.17124311865646
Agosto,8,Quarta-feira,Sim,23.414433042517278,49.51003091033831,1697.457866324929,0,Ligado,Ligado,29.366431717728688,64.06704991100479
Agosto,3,Quinta-feira,Sim,24.448005684257865,39.935595692023405,1910.6677910135863,6,Ligado,Ligado,20.03539421570201,71.58653760134773
Agosto,7,Segunda-feira,Sim,28.602217769016693,40.30606132160104,1762.2199742974012,5,Ligado,Desligado,3.013548576417872,92.12504629816247
Agosto,21,Quarta-feira,Sim,23.856818156279317,30.015975,1060.1667150130115,5,Desligado,Desligado,13.629035306848406,80.48852819644637
Agosto,11,Sábado,Sim,24.78006387117345,43.60438328479798,1840.15081030986,6,Desligado,Desligado,5.499943799416697,71.96975177678739
Agosto,15,Sábado,Não,28.430206269034688,48.41039071670332,1358.3958381107989,7,Ligado,Desligado,3.269958844682659,70.77655598102021
Agosto,0,Domingo,Não,23.644347799652905,50.32340748633244,1844.4485653699544,9,Ligado,Desligado,25.418091595916607,64.34291244865224
Agosto,3,Sexta-feira,Sim,21.08217791272517,59.66661841480277,1615.0381743297028,6,Ligado,Desligado,18.26617861172807,73.56159857674398
Agosto,14,Domingo,Não,20.007565,55.98954171531961,1999.982252,5,Ligado,Desligado,24.28991366852925,76.02922509793278
Agosto,3,Sexta-feira,Sim,22.16244886779506,35.35232213779827,1109.869816946412,1,Desligado,Ligado,9.916679156453856,67.72850127930009
Agosto,0,Quarta-feira,Não,25.136312925458512,35.324794089932226,1021.341461339776,2,Ligado,Desligado,18.965311048309072,79.63075426089642
Agosto,19,Domingo,Sim,23.64903597849224,52.41618110304884,1472.0196911147375,9,Desligado,Ligado,10.218227778774688,73.09484694893175
Agosto,8,Quinta-feira,Sim,29.54003636914349,38.75636379374593,1157.37299972007,7,Ligado,Desligado,0.006642,87.54936768710084
Agosto,22,Domingo,Não,25.71745390716648,54.55318152447739,1000.512661,3,Desligado,Ligado,13.049189308545667,73.70117640528908
Agosto,21,Sábado,Não,27.225105424438187,40.85941675760906,1277.465578577119,2,Ligado,Desligado,28.41316041610521,75.82183566728742
Agosto,14,Sábado,Não,23.084759924345345,38.109384194752174,1762.5413312135152,0,Ligado,Ligado,22.89280043478824,58.56931641902207
Agosto,8,Quinta-feira,Não,21.046930712292543,47.18806059923692,1975.0635368942203,0,Ligado,Ligado,6.870029812411323,53.263278
Agosto,14,Sábado,Sim,24.236225253887277,31.47069257033677,1488.9132147028276,3,Desligado,Desligado,2.7185438240297684,79.58045480080764
Agosto,14,Sábado,Não,26.93730418166735,59.07476072723134,1025.241333794753,7,Desligado,Ligado,1.177994418790972,90.66531472206556
Agosto,3,Sábado,Não,29.998671,38.06098192427267,1463.6991211090544,2,Ligado,Ligado,14.640812721329628,82.99404765802598
Agosto,18,Sexta-feira,Sim,26.76522607168293,39.06128977711453,1380.439958864025,9,Ligado,Desligado,29.965327,81.1705517638173
Agosto,9,Domingo,Não,23.70139705851248,51.8860447220985,1680.2233594217162,8,Ligado,Ligado,0.006642,74.49778353664749
Agosto,21,Sábado,Não,21.1963156417577,54.05641307978291,1627.41301029038,5,Ligado,Desligado,12.168341832539674,86.12992286276275
Agosto,7,Quinta-feira,Sim,25.20013315450876,32.68865911425361,1118.4403333037883,4,Desligado,Desligado,14.516608701551403,79.04964995117656
Agosto,12,Terça-feira,Não,23.377877347054675,39.71412485128488,1945.3012502452311,9,Ligado,Ligado,23.802631542571067,73.73738692419506
Agosto,9,Domingo,Sim,20.007565,32.527904711145254,1221.8250986340845,5,Desligado,Desligado,17.999809900218082,56.63534870989409
Agosto,3,Quarta-feira,Sim,26.088554566746463,59.03952781875772,1994.8834178607683,8,Desligado,Ligado,7.576500482342416,88.65743248629632
Agosto,21,Terça-feira,Sim,29.998671,47.90112424205533,1162.9102273655749,1,Ligado,Ligado,29.965327,83.86422251389281
Agosto,20,Terça-feira,Sim,24.58779247210243,42.95806007045259,1999.982252,6,Desligado,Desligado,21.11389139254965,64.0854292138258
Agosto,14,Quarta-feira,Sim,24.281023019999346,44.57694439441405,1342.1329899061266,3,Desligado,Desligado,21.71229657866441,78.05417499322711
Agosto,14,Quinta-feira,Sim,25.40538071518313,37.77056201699004,1358.0189047979395,0,Ligado,Desligado,6.430072940621531,72.50462555839331
Agosto,4,Quarta-feira,Sim,20.007565,59.969085,1444.1280859203418,6,Ligado,Desligado,1.7097045694314683,75.83933373736795
Agosto,23,Sexta-feira,Não,27.33785796238994,59.969085,1913.2273393542607,9,Desligado,Desligado,29.242562407371302,75.34818563987734
Agosto,15,Sábado,Não,29.142654870936624,42.14998876282594,1682.1477644584074,3,Ligado,Desligado,14.435585486454894,80.74953597688165
Agosto,6,Sexta-feira,Não,27.470474772087464,54.73816661059277,1603.5938181586866,5,Ligado,Ligado,3.752594580913145,73.82600488123987
Agosto,3,Sexta-feira,Não,23.447658325115825,41.71056464670145,1646.1555366136413,1,Ligado,Desligado,10.30093511067513,76.89810225237386
Agosto,17,Quinta-feira,Sim,25.42208587344591,48.099203751209146,1231.1072162757357,9,Ligado,Ligado,19.90134197187801,68.68685226903999
Agosto,11,Segunda-feira,Não,20.204368481274145,42.85290120366302,1890.9140081599849,4,Ligado,Ligado,0.006642,70.03384921495721
Agosto,0,Quarta-feira,Sim,21.228292406754928,39.63637392961141,1519.7574970719918,6,Ligado,Ligado,28.744455303636503,70.41207783769524
Agosto,10,Sábado,Não,22.23718205709008,44.686907416841045,1411.0695618313923,5,Desligado,Desligado,14.84447694264177,68.85705457412888
Agosto,14,Segunda-feira,Não,28.66978183064307,59.64433044821023,1853.9743440437253,1,Ligado,Desligado,10.304263768176671,77.18147015181988
Agosto,10,Sábado,Não,21.04602352964688,59.969085,1255.8239871337014,0,Ligado,Desligado,18.564324012387125,70.41756971578117
Agosto,5,Sábado,Não,29.572238146960345,40.64745097171286,1226.8325334445788,0,Ligado,Desligado,18.27334929468986,89.78341946990733
Agosto,2,Sexta-feira,Não,29.998671,59.969085,1362.2901033176258,1,Desligado,Ligado,20.73125643815045,90.40929343665223
Agosto,15,Sexta-feira,Não,24.44180090299635,41.75615781086368,1155.0922762885386,3,Ligado,Ligado,7.5966468852105695,64.61127320982935
Agosto,14,Quarta-feira,Não,26.479379619261174,44.80137995430421,1144.0768159068907,8,Desligado,Desligado,23.487594535112557,95.30542792666624
Agosto,6,Terça-feira,Sim,29.80771321167058,38.00799937325975,1789.7355870535453,4,Desligado,Desligado,11.398925664717964,80.88020966879398
Agosto,16,Sábado,Sim,22.28046435060457,41.25561708357083,1000.512661,8,Ligado,Desligado,0.006642,81.85605489986033
Agosto,3,Sexta-feira,Não,22.15525546204005,53.70849434686635,1725.9136619792782,9,Desligado,Desligado,1.439271694860108,85.08687388124561
Agosto,9,Terça-feira,Não,23.76372126104252,30.51667121603342,1440.4667130076864,3,Ligado,Desligado,10.39992073962334,64.55767843678684
Agosto,22,Sexta-feira,Não,22.648183520357605,53.57263979907206,1446.4274857205648,3,Desligado,Ligado,27.612471164839327,67.16195216811056
Agosto,2,Sábado,Não,21.0360791177868,51.54585131822719,1999.982252,4,Ligado,Ligado,18.160731506863947,77.93400026840665
Agosto,20,Domingo,Sim,25.76236668478679,53.90748592162266,1617.8714118654336,6,Ligado,Desligado,21.93783085915642,70.6521590417805
Agosto,7,Quinta-feira,Sim,22.23508305919588,44.61844247787273,1069.386333358936,9,Desligado,Desligado,0.006642,73.64393086107539
Agosto,10,Segunda-feira,Não,21.13141310835403,34.72503122254488,1531.526695853079,9,Ligado,Desligado,29.965327,60.816639005890025
Agosto,17,Segunda-feira,Não,20.34095754508568,48.76286868008487,1928.9019265407812,0,Ligado,Desligado,24.752857336848383,65.58781688686878
Agosto,22,Quarta-feira,Não,27.29264420953956,50.9459092965132,1486.901579409354,3,Ligado,Desligado,10.51485998710024,78.81756843830306
Agosto,3,Terça-feira,Não,27.421588380180346,56.49788838697342,1658.4150482115751,6,Desligado,Desligado,29.965327,73.51166448486185
Agosto,18,Terça-feira,Sim,25.73777055064878,58.71981964999844,1213.7742982224213,8,Desligado,Desligado,10.109069239143809,97.01617259546828
Agosto,2,Terça-feira,Sim,26.209329195666925,30.015975,1331.9412148953218,9,Ligado,Desligado,28.29416669527755,82.23355570642211
Agosto,3,Segunda-feira,Não,23.78763572707441,48.65636528501858,1999.982252,7,Desligado,Desligado,23.2930939123846,77.76112844356985
Agosto,19,Segunda-feira,Não,23.278200262863518,31.04493901438595,1758.039426324731,1,Desligado,Desligado,0.006642,68.28673593804506
Agosto,17,Quinta-feira,Não,23.844405796255646,35.85648332137535,1398.5599415039103,5,Ligado,Ligado,7.651773517326127,81.08206293870795
Agosto,8,Terça-feira,Não,22.34527069011711,53.74299564493826,1694.145297266829,0,Ligado,Desligado,0.006642,56.79737153299708
Agosto,22,Domingo,Não,20.271825340690143,43.96861531888992,1490.0969817687476,0,Desligado,Ligado,26.321854903188235,70.62865283954869
Agosto,6,Sábado,Sim,20.10942295941188,59.969085,1733.0187752856257,6,Desligado,Ligado,5.455709735236491,64.96148101558124
